position_bin,token_class,topk2_row_count,topk1_row_count,topk2_router_loss_mean,topk1_router_loss_mean,topk2_router_loss_minus_topk1,topk2_fixed_support_loss_delta_mean,topk1_fixed_support_loss_delta_mean,topk2_fixed_delta_minus_topk1,topk2_pair_gain_mean,topk1_singleton_gain_mean,topk2_pair_gain_minus_topk1_singleton,topk2_pair_synergy_mean,topk2_pair_synergy_positive_fraction,topk2_pair_value_cosine_mean,topk1_singleton_value_norm_mean
all,all,8,8,2.9124011993408203,2.8664543628692627,0.04594683647155762,1.1817700862884521,1.367455244064331,-0.1856851577758789,0.06945967674255371,-0.07027864456176758,0.1397383213043213,0.18948417901992798,1.0,-0.03193488158285618,4.655477821826935
all,common_target,8,8,2.732042074203491,2.8033037185668945,-0.07126164436340332,1.224606841802597,1.353785753250122,-0.12917891144752502,0.158013254404068,-0.04242730140686035,0.20044055581092834,0.20160862803459167,1.0,-0.03193488158285618,4.655477821826935
all,rare_target,8,8,3.173309326171875,2.957808017730713,0.2155013084411621,1.119801938533783,1.3872299194335938,-0.2674279808998108,-0.058642804622650146,-0.11056947708129883,0.05192667245864868,0.1719459891319275,1.0,-0.03193488158285618,4.655477821826935
even,all,8,8,2.854438543319702,2.8186163902282715,0.035822153091430664,1.2058005928993225,1.3697136640548706,-0.1639130711555481,0.06318730115890503,-0.0649036169052124,0.12809091806411743,0.1871383786201477,1.0,-0.03193488158285618,4.655477821826935
odd,all,8,8,2.972234010696411,2.9158356189727783,0.05639839172363281,1.1569640636444092,1.3651241660118103,-0.20816010236740112,0.07593441009521484,-0.07582730054855347,0.1517617106437683,0.19190585613250732,1.0,-0.03193488158285618,4.655477821826935
