split,positions,router_loss,oracle_loss,intervention_loss,intervention_minus_router_loss,intervention_oracle_regret,oracle_gap_recovery_fraction
all,252,2.868107318878174,2.8655788898468018,2.881962776184082,0.013855457305908203,0.016383886337280273,-5.47986798679868
train_even_sequences,126,2.884150981903076,2.8816161155700684,2.895083427429199,0.010932445526123047,0.01346731185913086,-4.312829194883371
holdout_odd_sequences,126,2.8520634174346924,2.8495419025421143,2.868842363357544,0.016778945922851562,0.019300460815429688,-6.654311649016641
