split,positions,intervention_loss,intervention_minus_router_loss,intervention_oracle_regret,oracle_gap_recovery_fraction
all,252,2.8676347732543945,-0.0004725456237792969,0.0020558834075927734,0.1868929750117869
train_even_positions,126,2.86075758934021,-0.00046634674072265625,0.002063751220703125,0.18431963814549568
holdout_odd_positions,126,2.874512195587158,-0.00047850608825683594,0.002048015594482422,0.1893932244974993
