split,positions,router_loss,oracle_loss,intervention_loss,intervention_minus_router_loss,intervention_oracle_regret,oracle_gap_recovery_fraction
all,252,2.868107318878174,2.8655788898468018,2.881963014602661,0.013855695724487305,0.016384124755859375,-5.47996228194248
train_even_sequences,126,2.884150981903076,2.8816161155700684,2.895083427429199,0.010932445526123047,0.01346731185913086,-4.312829194883371
holdout_odd_sequences,126,2.8520634174346924,2.8495421409606934,2.868842601776123,0.016779184341430664,0.019300460815429688,-6.655035460992908
