split,positions,router_loss,oracle_loss,intervention_loss,intervention_minus_router_loss,intervention_oracle_regret,oracle_gap_recovery_fraction
all,252,2.868107318878174,2.8655788898468018,2.8676347732543945,-0.0004725456237792969,0.0020558834075927734,0.1868929750117869
train_even_positions,126,2.8612239360809326,2.858693838119507,2.86075758934021,-0.00046634674072265625,0.002063751220703125,0.18431963814549568
holdout_odd_positions,126,2.874990463256836,2.8724637031555176,2.874512195587158,-0.0004782676696777344,0.002048492431640625,0.1892809964144178
