split,positions,router_loss,oracle_loss,intervention_loss,intervention_minus_router_loss,intervention_oracle_regret,oracle_gap_recovery_fraction
all,252,2.868107318878174,2.8655788898468018,2.8676347732543945,-0.0004725456237792969,0.0020558834075927734,0.1868929750117869
train_even_positions,126,2.8612236976623535,2.8586935997009277,2.86075758934021,-0.0004661083221435547,0.0020639896392822266,0.1842254052016585
holdout_odd_positions,126,2.874990701675415,2.872464179992676,2.874512195587158,-0.00047850608825683594,0.002048015594482422,0.1893932244974993
