split,positions,oracle_target_accuracy,router_loss,oracle_loss,selector_loss,selector_minus_router_loss,selector_oracle_regret,oracle_gap_recovery_fraction
all,252,0.8611111044883728,2.868107318878174,2.8655788898468018,3.004808187484741,0.13670086860656738,0.13922929763793945,-54.065535124941064
train_even_positions,126,0.9126983880996704,2.8612239360809326,2.858693838119507,2.9495339393615723,0.08831000328063965,0.09084010124206543,-34.90378816434225
holdout_odd_positions,126,0.8095238208770752,2.874990701675415,2.872464179992676,3.0600826740264893,0.18509197235107422,0.18761849403381348,-73.259601774087
