split,positions,oracle_target_accuracy,router_loss,oracle_loss,selector_loss,selector_minus_router_loss,selector_oracle_regret,oracle_gap_recovery_fraction
all,252,0.8492063283920288,2.868107318878174,2.8655788898468018,3.001568555831909,0.13346123695373535,0.13598966598510742,-52.784252710985385
train_even_positions,126,0.89682537317276,2.8612236976623535,2.8586935997009277,2.948552370071411,0.08732867240905762,0.0898587703704834,-34.51592536750848
holdout_odd_positions,126,0.8015872836112976,2.874990701675415,2.872464179992676,3.0545849800109863,0.1795942783355713,0.18212080001831055,-71.08360856846278
