split,positions,oracle_target_accuracy,router_loss,oracle_loss,selector_loss,selector_minus_router_loss,selector_oracle_regret,oracle_gap_recovery_fraction
all,252,0.8611111044883728,2.868107318878174,2.8655788898468018,3.0063767433166504,0.13826942443847656,0.14079785346984863,-54.68590287600188
train_even_positions,126,0.9126983880996704,2.8612239360809326,2.858693838119507,2.948552370071411,0.08732843399047852,0.0898585319519043,-34.51583113456464
holdout_odd_positions,126,0.8095238208770752,2.874990463256836,2.8724637031555176,3.064201831817627,0.18921136856079102,0.19173812866210938,-74.88299679184752
