split,positions,oracle_target_accuracy,router_loss,oracle_loss,selector_loss,selector_minus_router_loss,selector_oracle_regret,oracle_gap_recovery_fraction
all,252,0.8611111044883728,2.868107318878174,2.8655788898468018,2.9996585845947266,0.13155126571655273,0.1340796947479248,-52.02885431400283
train_even_positions,126,0.9047619104385376,2.8612239360809326,2.858693838119507,2.948551654815674,0.08732771873474121,0.08985781669616699,-34.51554843573313
holdout_odd_positions,126,0.817460298538208,2.874990701675415,2.872464179992676,3.0507655143737793,0.17577481269836426,0.17830133438110352,-69.57185996036614
