split,positions,router_loss,oracle_loss,intervention_loss,intervention_minus_router_loss,intervention_oracle_regret,oracle_gap_recovery_fraction
all,252,2.868107318878174,2.8655788898468018,3.6973962783813477,0.8292889595031738,0.8318173885345459,-327.98585572843
train_even_sequences,126,2.884150981903076,2.8816161155700684,3.226912498474121,0.3427615165710449,0.34529638290405273,-135.21877351392024
holdout_odd_sequences,126,2.8520634174346924,2.8495419025421143,4.167879104614258,1.3158156871795654,1.3183372020721436,-521.8353819969743
