{
  "aggregates": {
    "ce_guardrail_all_packets": true,
    "mean_commutator_anchor_advantage_topk1_vs_dense": 0.05367883155122399,
    "mean_commutator_anchor_advantage_topk1_vs_random_fixed_topk2": 0.34375598886981606,
    "mean_commutator_anchor_advantage_topk1_vs_topk2": 0.2236471609212458,
    "mean_dense_commutator_anchor_logit_mse": 0.06337573379278183,
    "mean_dense_transfer_ce_improvement": 0.4819490909576416,
    "mean_logit_churn_advantage_topk1_vs_topk2": 0.015054285526275635,
    "mean_random_fixed_topk2_anchor_support_churn_after_transfer": 0.0,
    "mean_random_fixed_topk2_commutator_anchor_logit_mse": 0.3534528911113739,
    "mean_random_fixed_topk2_transfer_ce_improvement": 0.6494758129119873,
    "mean_support_churn_advantage_topk1_vs_topk2": 0.857421875,
    "mean_topk1_anchor_logit_mse_drift": 0.14087959378957748,
    "mean_topk1_anchor_support_churn_after_transfer": 0.005859375,
    "mean_topk1_commutator_anchor_logit_mse": 0.009696902241557837,
    "mean_topk1_transfer_ce_improvement": 0.9584337472915649,
    "mean_topk2_anchor_logit_mse_drift": 0.15593387931585312,
    "mean_topk2_anchor_support_churn_after_transfer": 0.86328125,
    "mean_topk2_commutator_anchor_logit_mse": 0.23334406316280365,
    "mean_topk2_transfer_ce_improvement": 0.9287093877792358,
    "mean_transfer_advantage_topk1_vs_dense": 0.47648465633392334,
    "mean_transfer_advantage_topk1_vs_random_fixed_topk2": 0.30895793437957764,
    "mean_transfer_advantage_topk1_vs_topk2": 0.0297243595123291,
    "min_commutator_anchor_advantage_topk1_vs_dense": 0.04532540775835514,
    "min_commutator_anchor_advantage_topk1_vs_random_fixed_topk2": 0.3389910710975528,
    "min_commutator_anchor_advantage_topk1_vs_topk2": 0.1751744169741869,
    "min_dense_commutator_anchor_logit_mse": 0.05515191704034805,
    "min_dense_transfer_ce_improvement": 0.44049763679504395,
    "min_logit_churn_advantage_topk1_vs_topk2": 0.011922299861907959,
    "min_random_fixed_topk2_anchor_support_churn_after_transfer": 0.0,
    "min_random_fixed_topk2_commutator_anchor_logit_mse": 0.34855836629867554,
    "min_random_fixed_topk2_transfer_ce_improvement": 0.625598669052124,
    "min_support_churn_advantage_topk1_vs_topk2": 0.8046875,
    "min_topk1_anchor_logit_mse_drift": 0.13784439861774445,
    "min_topk1_anchor_support_churn_after_transfer": 0.00390625,
    "min_topk1_commutator_anchor_logit_mse": 0.00956729520112276,
    "min_topk1_transfer_ce_improvement": 0.9219368696212769,
    "min_topk2_anchor_logit_mse_drift": 0.15583708882331848,
    "min_topk2_anchor_support_churn_after_transfer": 0.8125,
    "min_topk2_commutator_anchor_logit_mse": 0.1850009262561798,
    "min_topk2_transfer_ce_improvement": 0.9055808782577515,
    "min_transfer_advantage_topk1_vs_dense": 0.3985363245010376,
    "min_transfer_advantage_topk1_vs_random_fixed_topk2": 0.24858391284942627,
    "min_transfer_advantage_topk1_vs_topk2": 0.01635599136352539
  },
  "artifacts": {
    "notes_md": "results/reports/token_larger_active_topk1_retention_functional_churn_followup/notes.md",
    "packet_variant_metrics_csv": "results/reports/token_larger_active_topk1_retention_functional_churn_followup/packet_variant_metrics.csv",
    "summary_json": "results/reports/token_larger_active_topk1_retention_functional_churn_followup/summary.json"
  },
  "ce_guardrail": 0.05,
  "claim_status": "local_retention_functional_churn_bracket_only",
  "decision": "retention_functional_churn_bracket_supported",
  "failures": [],
  "next_step": "run a backend-stable RunPod repeat of the retention/functional-churn follow-up only if the next causal-retention claim needs GPU parity; otherwise use this local bracket to design the next discriminative causal-retention audit",
  "out_dir": "results/reports/token_larger_active_topk1_retention_functional_churn_followup",
  "probe_dirs": [
    "results/audits/token_larger_active_rank_matched_topk1_retention_churn_probe",
    "results/audits/token_larger_active_rank_matched_topk1_retention_churn_probe_seed2"
  ],
  "rationale": "The selected retention/functional-churn branch is supported locally across the refreshed probe packets. Rank-matched contextual top-k-1 has much lower support-identity churn than promoted top-k-2, no higher functional/logit churn, lower finite-update commutator risk, and better transfer CE improvement than promoted top-k-2, dense active-rank, and random fixed top-k-2 controls. This remains a retention/churn bracket, not a renewed top-k-2 causal-cooperation claim.",
  "required_variants": [
    "promoted_contextual_topk2",
    "rank_matched_contextual_topk1",
    "random_fixed_topk2",
    "norm_matched_dense_active_rank"
  ],
  "rows": [
    {
      "commutator_anchor_advantage_topk1_vs_dense": 0.04532540775835514,
      "commutator_anchor_advantage_topk1_vs_random_fixed_topk2": 0.34852090664207935,
      "commutator_anchor_advantage_topk1_vs_topk2": 0.1751744169741869,
      "config_path": "configs/token_larger_support_wide_hep_temporal_clipped_objective_gate.yaml",
      "decision": "active_topk1_retention_churn_probe_established",
      "dense_anchor_ce_drift": -0.5173170566558838,
      "dense_anchor_logit_mse_drift": 0.07161282002925873,
      "dense_anchor_residual_stream_l2_drift": 3.0426342487335205,
      "dense_anchor_support_churn_after_transfer": null,
      "dense_commutator_anchor_logit_mse": 0.05515191704034805,
      "dense_commutator_anchor_residual_stream_l2": 2.9224555492401123,
      "dense_commutator_transfer_logit_mse": 0.054894182831048965,
      "dense_commutator_transfer_residual_stream_l2": 2.917881488800049,
      "dense_present": true,
      "dense_transfer_ce_improvement": 0.5234005451202393,
      "logit_churn_advantage_topk1_vs_topk2": 0.01818627119064331,
      "packet": "seed1",
      "probe_dir": "results/audits/token_larger_active_rank_matched_topk1_retention_churn_probe",
      "random_fixed_topk2_anchor_ce_drift": 0.10112571716308594,
      "random_fixed_topk2_anchor_logit_mse_drift": 0.14911219477653503,
      "random_fixed_topk2_anchor_residual_stream_l2_drift": 4.331021308898926,
      "random_fixed_topk2_anchor_support_churn_after_transfer": 0.0,
      "random_fixed_topk2_commutator_anchor_logit_mse": 0.35834741592407227,
      "random_fixed_topk2_commutator_anchor_residual_stream_l2": 6.848514080047607,
      "random_fixed_topk2_commutator_transfer_logit_mse": 0.3488031029701233,
      "random_fixed_topk2_commutator_transfer_residual_stream_l2": 6.722836494445801,
      "random_fixed_topk2_present": true,
      "random_fixed_topk2_transfer_ce_improvement": 0.6733529567718506,
      "status": "pass",
      "summary_path": "results/audits/token_larger_active_rank_matched_topk1_retention_churn_probe/summary.json",
      "summary_present": true,
      "support_churn_advantage_topk1_vs_topk2": 0.91015625,
      "topk1_anchor_ce_drift": -0.8870329856872559,
      "topk1_anchor_logit_mse_drift": 0.13784439861774445,
      "topk1_anchor_residual_stream_l2_drift": 4.496304988861084,
      "topk1_anchor_support_churn_after_transfer": 0.00390625,
      "topk1_commutator_anchor_logit_mse": 0.009826509281992912,
      "topk1_commutator_anchor_residual_stream_l2": 1.4544962644577026,
      "topk1_commutator_transfer_logit_mse": 0.010023655369877815,
      "topk1_commutator_transfer_residual_stream_l2": 1.4703704118728638,
      "topk1_present": true,
      "topk1_transfer_ce_improvement": 0.9219368696212769,
      "topk2_anchor_ce_drift": -0.8961036205291748,
      "topk2_anchor_logit_mse_drift": 0.15603066980838776,
      "topk2_anchor_residual_stream_l2_drift": 4.589938640594482,
      "topk2_anchor_support_churn_after_transfer": 0.9140625,
      "topk2_commutator_anchor_logit_mse": 0.1850009262561798,
      "topk2_commutator_anchor_residual_stream_l2": 3.9842677116394043,
      "topk2_commutator_transfer_logit_mse": 0.1823214739561081,
      "topk2_commutator_transfer_residual_stream_l2": 3.9276623725891113,
      "topk2_present": true,