variant,load_balance_weight,alpha0_ce_loss,alpha0_ce_delta_from_baseline,best_hep_alpha,best_hep_loss,used_columns,used_column_delta_from_baseline,dead_columns,unique_support_sets,max_column_fraction,objective_loss,load_balance_loss,residual_parameter_delta
baseline,0.0,2.9124014377593994,0.0,0.0,2.9124014377593994,19,0,5,41,0.28125,2.9341773986816406,0.6683453917503357,7183.102201461792
load_balance_0.01125,0.01125,2.834712505340576,-0.07768893241882324,0.0,2.834712505340576,24,5,0,55,0.14453125,2.860579252243042,0.48589688539505005,7361.050766468048
load_balance_0.0125,0.0125,2.830270767211914,-0.08213067054748535,0.0,2.830270767211914,24,5,0,45,0.19140625,2.8560307025909424,0.46046823263168335,7325.058318138123
load_balance_0.01375,0.01375,2.8494396209716797,-0.06296181678771973,0.0,2.8494396209716797,24,5,0,50,0.203125,2.8754630088806152,0.4898509383201599,7206.822214603424
load_balance_0.015,0.015,2.8610785007476807,-0.05132293701171875,0.0,2.8610785007476807,24,5,0,55,0.154296875,2.886378049850464,0.4896790087223053,7116.292692661285
load_balance_0.02,0.02,2.8683066368103027,-0.04409480094909668,0.0,2.8683066368103027,24,5,0,56,0.107421875,2.8942956924438477,0.4596102237701416,7086.445538520813
