variant,load_balance_weight,alpha0_ce_loss,alpha0_ce_delta_from_baseline,best_hep_alpha,best_hep_loss,used_columns,used_column_delta_from_baseline,dead_columns,unique_support_sets,max_column_fraction,objective_loss,load_balance_loss,residual_parameter_delta
baseline,0.0,2.8984458446502686,0.0,0.0,2.8984458446502686,23,0,1,56,0.111328125,2.9221251010894775,0.40310266613960266,7642.767040252686
load_balance_0.01125,0.01125,2.9618136882781982,0.06336784362792969,0.0,2.9618136882781982,24,1,0,47,0.162109375,2.9852328300476074,0.5069932341575623,6933.646939754486
load_balance_0.0125,0.0125,2.899409055709839,0.0009632110595703125,0.0,2.899409055709839,24,1,0,50,0.18359375,2.9250400066375732,0.41422712802886963,6978.520008087158
load_balance_0.01375,0.01375,2.917938232421875,0.019492387771606445,0.0,2.917938232421875,24,1,0,60,0.14453125,2.9435081481933594,0.44525641202926636,6916.944357395172
load_balance_0.015,0.015,2.927964210510254,0.02951836585998535,0.0,2.927964210510254,24,1,0,42,0.189453125,2.953131675720215,0.4991535544395447,6800.963263034821
load_balance_0.02,0.02,2.896939277648926,-0.0015065670013427734,0.0,2.896939277648926,24,1,0,48,0.19140625,2.923992156982422,0.30948591232299805,7041.5020298957825
